{
  "basic_stats": {
    "precipitation_mm": {
      "count": 195116.0,
      "mean": 0.08839715861333772,
      "std": 0.42994265865771975,
      "min": 0.0,
      "25%": 0.0,
      "50%": 0.0,
      "75%": 0.0,
      "max": 39.6,
      "missing": 1060.0,
      "missing_pct": 0.54,
      "skewness": 14.92245092431554,
      "kurtosis": 606.5165667855067
    },
    "temperature_c": {
      "count": 195102.0,
      "mean": 10.291321975171961,
      "std": 5.223058914354475,
      "min": -10.4,
      "25%": 6.6,
      "50%": 10.4,
      "75%": 14.0,
      "max": 32.5,
      "missing": 1074.0,
      "missing_pct": 0.55,
      "skewness": -0.042283201140194994,
      "kurtosis": -0.3055457536795818
    },
    "wet_bulb_temp_c": {
      "count": 194977.0,
      "mean": 8.699993845427922,
      "std": 4.53934220641681,
      "min": -10.6,
      "25%": 5.5,
      "50%": 8.9,
      "75%": 12.1,
      "max": 21.6,
      "missing": 1199.0,
      "missing_pct": 0.61,
      "skewness": -0.21133316358677517,
      "kurtosis": -0.43995732659740794
    },
    "dew_point_c": {
      "count": 194977.0,
      "mean": 6.978706719254066,
      "std": 4.575024790253856,
      "min": -12.4,
      "25%": 3.6,
      "50%": 7.2,
      "75%": 10.4,
      "max": 19.6,
      "missing": 1199.0,
      "missing_pct": 0.61,
      "skewness": -0.17228562867940922,
      "kurtosis": -0.48515734200749083
    },
    "vapour_pressure_hpa": {
      "count": 194977.0,
      "mean": 10.43654225883053,
      "std": 3.195138730535078,
      "min": 2.4,
      "25%": 7.9,
      "50%": 10.1,
      "75%": 12.6,
      "max": 22.7,
      "missing": 1199.0,
      "missing_pct": 0.61,
      "skewness": 0.4153621453422006,
      "kurtosis": -0.3655927317383809
    },
    "relative_humidity_pct": {
      "count": 194977.0,
      "mean": 80.74708298927565,
      "std": 12.87370256876856,
      "min": 21.0,
      "25%": 73.0,
      "50%": 83.0,
      "75%": 91.0,
      "max": 100.0,
      "missing": 1199.0,
      "missing_pct": 0.61,
      "skewness": -0.7680387803923229,
      "kurtosis": 0.01641909439344902
    },
    "mean_sea_level_pressure_hpa": {
      "count": 195100.0,
      "mean": 1013.5103454638647,
      "std": 12.414209945320756,
      "min": 954.5,
      "25%": 1005.9,
      "50%": 1014.7,
      "75%": 1022.1,
      "max": 1048.0,
      "missing": 1076.0,
      "missing_pct": 0.55,
      "skewness": -0.4901240382773942,
      "kurtosis": 0.26687366709401417
    }
  },
  "temporal_coverage": {
    "start_date": "2003-08-16 01:00:00",
    "end_date": "2026-01-01 00:00:00",
    "duration_days": 8173,
    "duration_years": 22.38,
    "expected_observations": 196176,
    "actual_observations": 196176,
    "coverage_pct": 100.0,
    "missing_hours": 0
  },
  "gaps": null,
  "correlations": {
    "precipitation_mm": {
      "precipitation_mm": 1.0,
      "temperature_c": -0.002082781147167095,
      "wet_bulb_temp_c": 0.04231202781477608,
      "dew_point_c": 0.09090161926445474,
      "vapour_pressure_hpa": 0.09198226740634075,
      "relative_humidity_pct": 0.17640212715917988,
      "mean_sea_level_pressure_hpa": -0.18321274048339933
    },
    "temperature_c": {
      "precipitation_mm": -0.002082781147167095,
      "temperature_c": 1.0,
      "wet_bulb_temp_c": 0.9733749398423454,
      "dew_point_c": 0.8647321797756718,
      "vapour_pressure_hpa": 0.8518769749616499,
      "relative_humidity_pct": -0.4449406683442604,
      "mean_sea_level_pressure_hpa": 0.03642736667184376
    },
    "wet_bulb_temp_c": {
      "precipitation_mm": 0.04231202781477608,
      "temperature_c": 0.9733749398423454,
      "wet_bulb_temp_c": 1.0,
      "dew_point_c": 0.9552238761605613,
      "vapour_pressure_hpa": 0.9422261409574809,
      "relative_humidity_pct": -0.23439242453919845,
      "mean_sea_level_pressure_hpa": 0.004042324948643278
    },
    "dew_point_c": {
      "precipitation_mm": 0.09090161926445474,
      "temperature_c": 0.8647321797756718,
      "wet_bulb_temp_c": 0.9552238761605613,
      "dew_point_c": 1.0,
      "vapour_pressure_hpa": 0.9866057741209665,
      "relative_humidity_pct": 0.06008110946001017,
      "mean_sea_level_pressure_hpa": -0.03636046721989967
    },
    "vapour_pressure_hpa": {
      "precipitation_mm": 0.09198226740634075,
      "temperature_c": 0.8518769749616499,
      "wet_bulb_temp_c": 0.9422261409574809,
      "dew_point_c": 0.9866057741209665,
      "vapour_pressure_hpa": 1.0,
      "relative_humidity_pct": 0.06220911878863609,
      "mean_sea_level_pressure_hpa": -0.029308079421069288
    },
    "relative_humidity_pct": {
      "precipitation_mm": 0.17640212715917988,
      "temperature_c": -0.4449406683442604,
      "wet_bulb_temp_c": -0.23439242453919845,
      "dew_point_c": 0.06008110946001017,
      "vapour_pressure_hpa": 0.06220911878863609,
      "relative_humidity_pct": 1.0,
      "mean_sea_level_pressure_hpa": -0.12949804129916645
    },
    "mean_sea_level_pressure_hpa": {
      "precipitation_mm": -0.18321274048339933,
      "temperature_c": 0.03642736667184376,
      "wet_bulb_temp_c": 0.004042324948643278,
      "dew_point_c": -0.03636046721989967,
      "vapour_pressure_hpa": -0.029308079421069288,
      "relative_humidity_pct": -0.12949804129916645,
      "mean_sea_level_pressure_hpa": 1.0
    }
  },
  "seasonal_patterns": {
    "monthly": {
      "temperature_c_mean": {
        "1": 5.545146313152911,
        "2": 5.916204448017149,
        "3": 6.9105755131964814,
        "4": 8.927670454545455,
        "5": 11.741980465630567,
        "6": 14.457448153768336,
        "7": 15.938916316958776,
        "8": 15.46675624029619,
        "9": 13.645339781434494,
        "10": 10.948297596606974,
        "11": 7.769993961352657,
        "12": 6.164010764010764
      },
      "temperature_c_std": {
        "1": 3.631475717832813,
        "2": 3.6055980062839112,
        "3": 3.7452342326433126,
        "4": 3.7317242186798025,
        "5": 3.7431556949242144,
        "6": 3.6818702257991265,
        "7": 3.4583968119564643,
        "8": 3.2459658054408043,
        "9": 3.601923562717605,
        "10": 3.5636761050178563,
        "11": 3.7838860110965573,
        "12": 3.9179918926008557
      },
      "temperature_c_min": {
        "1": -9.7,
        "2": -5.7,
        "3": -6.3,
        "4": -3.6,
        "5": -1.4,
        "6": 2.0,
        "7": 5.6,
        "8": 4.0,
        "9": 1.5,
        "10": -2.8,
        "11": -8.2,
        "12": -10.4
      },
      "temperature_c_max": {
        "1": 15.0,
        "2": 16.4,
        "3": 20.3,
        "4": 22.3,
        "5": 25.0,
        "6": 28.3,
        "7": 32.5,
        "8": 26.6,
        "9": 26.5,
        "10": 23.0,
        "11": 18.7,
        "12": 17.1
      },
      "precipitation_mm_mean": {
        "1": 0.08498991997067629,
        "2": 0.07755894962486602,
        "3": 0.07707111436950147,
        "4": 0.06479166666666666,
        "5": 0.07080287486946372,
        "6": 0.08920012646221942,
        "7": 0.09636464633995803,
        "8": 0.09524037025977904,
        "9": 0.09118735495201656,
        "10": 0.11010898379970545,
        "11": 0.10565217391304348,
        "12": 0.09472267727591856
      },
      "precipitation_mm_std": {
        "1": 0.3456794158071261,
        "2": 0.32251048542007305,
        "3": 0.3276475123634681,
        "4": 0.30644056824081545,
        "5": 0.3526332416581574,
        "6": 0.5639532017014857,
        "7": 0.4945500073304991,
        "8": 0.541137973928002,
        "9": 0.44501813231174614,
        "10": 0.4977435415033341,
        "11": 0.45716649612230686,
        "12": 0.3853684016045638
      },
      "precipitation_mm_min": {
        "1": 0.0,
        "2": 0.0,
        "3": 0.0,
        "4": 0.0,
        "5": 0.0,
        "6": 0.0,
        "7": 0.0,
        "8": 0.0,
        "9": 0.0,
        "10": 0.0,
        "11": 0.0,
        "12": 0.0
      },
      "precipitation_mm_max": {
        "1": 6.3,
        "2": 8.5,
        "3": 9.8,
        "4": 8.6,